scenario_id,scenario_name,scenario_tags,scenario_labels,scenario_variables,signature,orion_job_id.group1,orion_job_id.group2,orion_task_id.group1,orion_task_id.group2,animation_url.group1,animation_url.group2,ares_url.group1,ares_url.group2,binary_id.group1,binary_id.group2,binary_name.group1,binary_name.group2,binary_description.group1,binary_description.group2,result_status.group1,result_status.group2,result_status.diff2,dpe_collision.value.group1,dpe_collision.status.group1,dpe_collision.value.group2,dpe_collision.status.group2,dpe_collision.value.diff2,dpe_collision.status.diff2,dpe_collision.invalid.diff2,dpe_stuck_detect.value.group1,dpe_stuck_detect.status.group1,dpe_stuck_detect.value.group2,dpe_stuck_detect.status.group2,dpe_stuck_detect.value.diff2,dpe_stuck_detect.status.diff2,dpe_stuck_detect.invalid.diff2,dpe_assist_channel_triggered.value.group1,dpe_assist_channel_triggered.status.group1,dpe_assist_channel_triggered.value.group2,dpe_assist_channel_triggered.status.group2,dpe_assist_channel_triggered.value.diff2,dpe_assist_channel_triggered.status.diff2
29434409,lxh_ra_stuck_20260425.fp.neg_10397_20260428_183830.1777372719965.1777372749965,[],"['lxh_ra_stuck_20260425_fp', 'lxh_ra_stuck_20260425_neg', 'lxh_ra_stuck_20260425_AutoTrigger', '#31463987', 'lxh_ra_stuck_20260425_gen4-release-20260417']",[],29434409,39367009,39467651,https://voyager.intra.xiaojukeji.com/static/management/#/scenario/result-analysis?base_job_id=39367009&filterQuery=Base.task.id+has+3936700900000352,https://voyager.intra.xiaojukeji.com/static/management/#/scenario/result-analysis?base_job_id=39467651&filterQuery=Base.task.id+has+3946765100000354,https://voyager.intra.xiaojukeji.com/static/ares-animation/?task_id=3936700900000352&task_version=0,https://voyager.intra.xiaojukeji.com/static/ares-animation/?task_id=3946765100000354&task_version=0,https://voyager.intra.xiaojukeji.com/static/ares-studio/?ds=voy-sim-cloud&ds.sim_index=0&ds.task_id=3936700900000352,https://voyager.intra.xiaojukeji.com/static/ares-studio/?ds=voy-sim-cloud&ds.sim_index=0&ds.task_id=3946765100000354,1633565,1640127,simbot_flexible_diff_base_experiment_dag_1778634332,simbot_flexible_diff_feature_experiment_dag_1779006951,,,Passed,Passed,P2P,,,,,,,0,,,,,,,0,-1.0,Failed,-1.0,Failed,0.0,F2F
29434418,lxh_ra_stuck_20260425.fp.neg_10345_20260428_174053.1777369303416.1777369333416,[],"['lxh_ra_stuck_20260425_fp', 'lxh_ra_stuck_20260425_neg', 'lxh_ra_stuck_20260425_AutoTrigger', '#31461485', 'lxh_ra_stuck_20260425_gen4-release-20260417']",[],29434418,39367009,39467651,https://voyager.intra.xiaojukeji.com/static/management/#/scenario/result-analysis?base_job_id=39367009&filterQuery=Base.task.id+has+3936700900000343,https://voyager.intra.xiaojukeji.com/static/management/#/scenario/result-analysis?base_job_id=39467651&filterQuery=Base.task.id+has+3946765100000345,https://voyager.intra.xiaojukeji.com/static/ares-animation/?task_id=3936700900000343&task_version=0,https://voyager.intra.xiaojukeji.com/static/ares-animation/?task_id=3946765100000345&task_version=0,https://voyager.intra.xiaojukeji.com/static/ares-studio/?ds=voy-sim-cloud&ds.sim_index=0&ds.task_id=3936700900000343,https://voyager.intra.xiaojukeji.com/static/ares-studio/?ds=voy-sim-cloud&ds.sim_index=0&ds.task_id=3946765100000345,1633565,1640127,simbot_flexible_diff_base_experiment_dag_1778634332,simbot_flexible_diff_feature_experiment_dag_1779006951,,,Passed,Passed,P2P,,,,,,,0,,,,,,,0,-1.0,Failed,-1.0,Failed,0.0,F2F
29434429,lxh_ra_stuck_20260425.fp.neg_10346_20260428_144729.1777361350825.1777361380825,[],"['lxh_ra_stuck_20260425_fp', 'lxh_ra_stuck_20260425_neg', 'lxh_ra_stuck_20260425_AutoTrigger', '#31454747', 'lxh_ra_stuck_20260425_gen4-release-20260417']",[],29434429,39367009,39467651,https://voyager.intra.xiaojukeji.com/static/management/#/scenario/result-analysis?base_job_id=39367009&filterQuery=Base.task.id+has+3936700900000341,https://voyager.intra.xiaojukeji.com/static/management/#/scenario/result-analysis?base_job_id=39467651&filterQuery=Base.task.id+has+3946765100000335,https://voyager.intra.xiaojukeji.com/static/ares-animation/?task_id=3936700900000341&task_version=0,https://voyager.intra.xiaojukeji.com/static/ares-animation/?task_id=3946765100000335&task_version=0,https://voyager.intra.xiaojukeji.com/static/ares-studio/?ds=voy-sim-cloud&ds.sim_index=0&ds.task_id=3936700900000341,https://voyager.intra.xiaojukeji.com/static/ares-studio/?ds=voy-sim-cloud&ds.sim_index=0&ds.task_id=3946765100000335,1633565,1640127,simbot_flexible_diff_base_experiment_dag_1778634332,simbot_flexible_diff_feature_experiment_dag_1779006951,,,Passed,Passed,P2P,,,,,,,0,,,,,,,0,-1.0,Failed,-1.0,Failed,0.0,F2F
29434436,lxh_ra_stuck_20260425.fp.neg_10354_20260428_114846.1777349313232.1777349343232,[],"['lxh_ra_stuck_20260425_fp', 'lxh_ra_stuck_20260425_neg', 'lxh_ra_stuck_20260425_AutoTrigger', '#31445269', 'lxh_ra_stuck_20260425_gen4-release-20260417']",[],29434436,39367009,39467651,https://voyager.intra.xiaojukeji.com/static/management/#/scenario/result-analysis?base_job_id=39367009&filterQuery=Base.task.id+has+3936700900000325,https://voyager.intra.xiaojukeji.com/static/management/#/scenario/result-analysis?base_job_id=39467651&filterQuery=Base.task.id+has+3946765100000327,https://voyager.intra.xiaojukeji.com/static/ares-animation/?task_id=3936700900000325&task_version=0,https://voyager.intra.xiaojukeji.com/static/ares-animation/?task_id=3946765100000327&task_version=0,https://voyager.intra.xiaojukeji.com/static/ares-studio/?ds=voy-sim-cloud&ds.sim_index=0&ds.task_id=3936700900000325,https://voyager.intra.xiaojukeji.com/static/ares-studio/?ds=voy-sim-cloud&ds.sim_index=0&ds.task_id=3946765100000327,1633565,1640127,simbot_flexible_diff_base_experiment_dag_1778634332,simbot_flexible_diff_feature_experiment_dag_1779006951,,,Passed,Passed,P2P,,,,,,,0,,,,,,,0,-1.0,Failed,-1.0,Failed,0.0,F2F
29434440,lxh_ra_stuck_20260425.fp.neg_10351_20260428_093025.1777340172636.1777340202636,[],"['lxh_ra_stuck_20260425_fp', 'lxh_ra_stuck_20260425_neg', 'lxh_ra_stuck_20260425_AutoTrigger', '#31439527', 'lxh_ra_stuck_20260425_gen4-release-20260417']",[],29434440,39367009,39467651,https://voyager.intra.xiaojukeji.com/static/management/#/scenario/result-analysis?base_job_id=39367009&filterQuery=Base.task.id+has+3936700900000322,https://voyager.intra.xiaojukeji.com/static/management/#/scenario/result-analysis?base_job_id=39467651&filterQuery=Base.task.id+has+3946765100000323,https://voyager.intra.xiaojukeji.com/static/ares-animation/?task_id=3936700900000322&task_version=0,https://voyager.intra.xiaojukeji.com/static/ares-animation/?task_id=3946765100000323&task_version=0,https://voyager.intra.xiaojukeji.com/static/ares-studio/?ds=voy-sim-cloud&ds.sim_index=0&ds.task_id=3936700900000322,https://voyager.intra.xiaojukeji.com/static/ares-studio/?ds=voy-sim-cloud&ds.sim_index=0&ds.task_id=3946765100000323,1633565,1640127,simbot_flexible_diff_base_experiment_dag_1778634332,simbot_flexible_diff_feature_experiment_dag_1779006951,,,Passed,Passed,P2P,,,,,,,0,,,,,,,0,-1.0,Failed,-1.0,Failed,0.0,F2F
29434442,lxh_ra_stuck_20260425.fp.neg_10346_20260428_091520.1777339513406.1777339543406,[],"['lxh_ra_stuck_20260425_fp', 'lxh_ra_stuck_20260425_neg', 'lxh_ra_stuck_20260425_AutoTrigger', '#31438941', 'lxh_ra_stuck_20260425_gen4-release-20260417']",[],29434442,39367009,39467651,https://voyager.intra.xiaojukeji.com/static/management/#/scenario/result-analysis?base_job_id=39367009&filterQuery=Base.task.id+has+3936700900000320,https://voyager.intra.xiaojukeji.com/static/management/#/scenario/result-analysis?base_job_id=39467651&filterQuery=Base.task.id+has+3946765100000325,https://voyager.intra.xiaojukeji.com/static/ares-animation/?task_id=3936700900000320&task_version=0,https://voyager.intra.xiaojukeji.com/static/ares-animation/?task_id=3946765100000325&task_version=0,https://voyager.intra.xiaojukeji.com/static/ares-studio/?ds=voy-sim-cloud&ds.sim_index=0&ds.task_id=3936700900000320,https://voyager.intra.xiaojukeji.com/static/ares-studio/?ds=voy-sim-cloud&ds.sim_index=0&ds.task_id=3946765100000325,1633565,1640127,simbot_flexible_diff_base_experiment_dag_1778634332,simbot_flexible_diff_feature_experiment_dag_1779006951,,,Passed,Passed,P2P,,,,,,,0,,,,,,,0,-1.0,Failed,-1.0,Failed,0.0,F2F
29434444,lxh_ra_stuck_20260425.fp.neg_10346_20260428_091520.1777339240908.1777339270908,[],"['lxh_ra_stuck_20260425_fp', 'lxh_ra_stuck_20260425_neg', 'lxh_ra_stuck_20260425_AutoTrigger', '#31438693', 'lxh_ra_stuck_20260425_gen4-release-20260417']",[],29434444,39367009,39467651,https://voyager.intra.xiaojukeji.com/static/management/#/scenario/result-analysis?base_job_id=39367009&filterQuery=Base.task.id+has+3936700900000317,https://voyager.intra.xiaojukeji.com/static/management/#/scenario/result-analysis?base_job_id=39467651&filterQuery=Base.task.id+has+3946765100000315,https://voyager.intra.xiaojukeji.com/static/ares-animation/?task_id=3936700900000317&task_version=0,https://voyager.intra.xiaojukeji.com/static/ares-animation/?task_id=3946765100000315&task_version=0,https://voyager.intra.xiaojukeji.com/static/ares-studio/?ds=voy-sim-cloud&ds.sim_index=0&ds.task_id=3936700900000317,https://voyager.intra.xiaojukeji.com/static/ares-studio/?ds=voy-sim-cloud&ds.sim_index=0&ds.task_id=3946765100000315,1633565,1640127,simbot_flexible_diff_base_experiment_dag_1778634332,simbot_flexible_diff_feature_experiment_dag_1779006951,,,Passed,Passed,P2P,,,,,,,0,,,,,,,0,-1.0,Failed,-1.0,Failed,0.0,F2F
29434445,lxh_ra_stuck_20260425.fp.neg_10345_20260428_085826.1777339077614.1777339107614,[],"['lxh_ra_stuck_20260425_fp', 'lxh_ra_stuck_20260425_neg', 'lxh_ra_stuck_20260425_AutoTrigger', '#31438571', 'lxh_ra_stuck_20260425_gen4-release-20260417']",[],29434445,39367009,39467651,https://voyager.intra.xiaojukeji.com/static/management/#/scenario/result-analysis?base_job_id=39367009&filterQuery=Base.task.id+has+3936700900000315,https://voyager.intra.xiaojukeji.com/static/management/#/scenario/result-analysis?base_job_id=39467651&filterQuery=Base.task.id+has+3946765100000319,https://voyager.intra.xiaojukeji.com/static/ares-animation/?task_id=3936700900000315&task_version=0,https://voyager.intra.xiaojukeji.com/static/ares-animation/?task_id=3946765100000319&task_version=0,https://voyager.intra.xiaojukeji.com/static/ares-studio/?ds=voy-sim-cloud&ds.sim_index=0&ds.task_id=3936700900000315,https://voyager.intra.xiaojukeji.com/static/ares-studio/?ds=voy-sim-cloud&ds.sim_index=0&ds.task_id=3946765100000319,1633565,1640127,simbot_flexible_diff_base_experiment_dag_1778634332,simbot_flexible_diff_feature_experiment_dag_1779006951,,,Passed,Passed,P2P,,,,,,,0,,,,,,,0,-1.0,Failed,-1.0,Failed,0.0,F2F
29434458,lxh_ra_stuck_20260425.fp.neg_10356_20260428_074337.1777335207467.1777335237467,[],"['lxh_ra_stuck_20260425_fp', 'lxh_ra_stuck_20260425_neg', 'lxh_ra_stuck_20260425_AutoTrigger', '#31434711', 'lxh_ra_stuck_20260425_gen4-release-20260417']",[],29434458,39367009,39467651,https://voyager.intra.xiaojukeji.com/static/management/#/scenario/result-analysis?base_job_id=39367009&filterQuery=Base.task.id+has+3936700900000306,https://voyager.intra.xiaojukeji.com/static/management/#/scenario/result-analysis?base_job_id=39467651&filterQuery=Base.task.id+has+3946765100000308,https://voyager.intra.xiaojukeji.com/static/ares-animation/?task_id=3936700900000306&task_version=0,https://voyager.intra.xiaojukeji.com/static/ares-animation/?task_id=3946765100000308&task_version=0,https://voyager.intra.xiaojukeji.com/static/ares-studio/?ds=voy-sim-cloud&ds.sim_index=0&ds.task_id=3936700900000306,https://voyager.intra.xiaojukeji.com/static/ares-studio/?ds=voy-sim-cloud&ds.sim_index=0&ds.task_id=3946765100000308,1633565,1640127,simbot_flexible_diff_base_experiment_dag_1778634332,simbot_flexible_diff_feature_experiment_dag_1779006951,,,Passed,Passed,P2P,,,,,,,0,,,,,,,0,-1.0,Failed,-1.0,Failed,0.0,F2F
29434463,lxh_ra_stuck_20260425.fp.neg_10356_20260428_074337.1777334102118.1777334132118,[],"['lxh_ra_stuck_20260425_fp', 'lxh_ra_stuck_20260425_neg', 'lxh_ra_stuck_20260425_AutoTrigger', '#31433285', 'lxh_ra_stuck_20260425_gen4-release-20260417']",[],29434463,39367009,39467651,https://voyager.intra.xiaojukeji.com/static/management/#/scenario/result-analysis?base_job_id=39367009&filterQuery=Base.task.id+has+3936700900000301,https://voyager.intra.xiaojukeji.com/static/management/#/scenario/result-analysis?base_job_id=39467651&filterQuery=Base.task.id+has+3946765100000303,https://voyager.intra.xiaojukeji.com/static/ares-animation/?task_id=3936700900000301&task_version=0,https://voyager.intra.xiaojukeji.com/static/ares-animation/?task_id=3946765100000303&task_version=0,https://voyager.intra.xiaojukeji.com/static/ares-studio/?ds=voy-sim-cloud&ds.sim_index=0&ds.task_id=3936700900000301,https://voyager.intra.xiaojukeji.com/static/ares-studio/?ds=voy-sim-cloud&ds.sim_index=0&ds.task_id=3946765100000303,1633565,1640127,simbot_flexible_diff_base_experiment_dag_1778634332,simbot_flexible_diff_feature_experiment_dag_1779006951,,,Passed,Passed,P2P,,,,,,,0,,,,,,,0,-1.0,Failed,-1.0,Failed,0.0,F2F
29434469,lxh_ra_stuck_20260425.fp.neg_10350_20260428_072114.1777332541923.1777332571923,[],"['lxh_ra_stuck_20260425_fp', 'lxh_ra_stuck_20260425_neg', 'lxh_ra_stuck_20260425_AutoTrigger', '#31431905', 'lxh_ra_stuck_20260425_gen4-release-20260417']",[],29434469,39367009,39467651,https://voyager.intra.xiaojukeji.com/static/management/#/scenario/result-analysis?base_job_id=39367009&filterQuery=Base.task.id+has+3936700900000296,https://voyager.intra.xiaojukeji.com/static/management/#/scenario/result-analysis?base_job_id=39467651&filterQuery=Base.task.id+has+3946765100000297,https://voyager.intra.xiaojukeji.com/static/ares-animation/?task_id=3936700900000296&task_version=0,https://voyager.intra.xiaojukeji.com/static/ares-animation/?task_id=3946765100000297&task_version=0,https://voyager.intra.xiaojukeji.com/static/ares-studio/?ds=voy-sim-cloud&ds.sim_index=0&ds.task_id=3936700900000296,https://voyager.intra.xiaojukeji.com/static/ares-studio/?ds=voy-sim-cloud&ds.sim_index=0&ds.task_id=3946765100000297,1633565,1640127,simbot_flexible_diff_base_experiment_dag_1778634332,simbot_flexible_diff_feature_experiment_dag_1779006951,,,Passed,Passed,P2P,,,,,,,0,,,,,,,0,-1.0,Failed,-1.0,Failed,0.0,F2F
29434494,lxh_ra_stuck_20260425.fp.neg_10368_20260427_185317.1777288321274.1777288351274,[],"['lxh_ra_stuck_20260425_fp', 'lxh_ra_stuck_20260425_neg', 'lxh_ra_stuck_20260425_AutoTrigger', '#31419719', 'lxh_ra_stuck_20260425_gen4-release-20260417']",[],29434494,39367009,39467651,https://voyager.intra.xiaojukeji.com/static/management/#/scenario/result-analysis?base_job_id=39367009&filterQuery=Base.task.id+has+3936700900000270,https://voyager.intra.xiaojukeji.com/static/management/#/scenario/result-analysis?base_job_id=39467651&filterQuery=Base.task.id+has+3946765100000271,https://voyager.intra.xiaojukeji.com/static/ares-animation/?task_id=3936700900000270&task_version=0,https://voyager.intra.xiaojukeji.com/static/ares-animation/?task_id=3946765100000271&task_version=0,https://voyager.intra.xiaojukeji.com/static/ares-studio/?ds=voy-sim-cloud&ds.sim_index=0&ds.task_id=3936700900000270,https://voyager.intra.xiaojukeji.com/static/ares-studio/?ds=voy-sim-cloud&ds.sim_index=0&ds.task_id=3946765100000271,1633565,1640127,simbot_flexible_diff_base_experiment_dag_1778634332,simbot_flexible_diff_feature_experiment_dag_1779006951,,,Passed,Passed,P2P,,,,,,,0,,,,,,,0,-1.0,Failed,-1.0,Failed,0.0,F2F
29434500,lxh_ra_stuck_20260425.fp.neg_10379_20260427_173805.1777283814679.1777283844679,[],"['lxh_ra_stuck_20260425_fp', 'lxh_ra_stuck_20260425_neg', 'lxh_ra_stuck_20260425_AutoTrigger', '#31417183', 'lxh_ra_stuck_20260425_gen4-release-20260417']",[],29434500,39367009,39467651,https://voyager.intra.xiaojukeji.com/static/management/#/scenario/result-analysis?base_job_id=39367009&filterQuery=Base.task.id+has+3936700900000264,https://voyager.intra.xiaojukeji.com/static/management/#/scenario/result-analysis?base_job_id=39467651&filterQuery=Base.task.id+has+3946765100000267,https://voyager.intra.xiaojukeji.com/static/ares-animation/?task_id=3936700900000264&task_version=0,https://voyager.intra.xiaojukeji.com/static/ares-animation/?task_id=3946765100000267&task_version=0,https://voyager.intra.xiaojukeji.com/static/ares-studio/?ds=voy-sim-cloud&ds.sim_index=0&ds.task_id=3936700900000264,https://voyager.intra.xiaojukeji.com/static/ares-studio/?ds=voy-sim-cloud&ds.sim_index=0&ds.task_id=3946765100000267,1633565,1640127,simbot_flexible_diff_base_experiment_dag_1778634332,simbot_flexible_diff_feature_experiment_dag_1779006951,,,Passed,Passed,P2P,,,,,,,0,,,,,,,0,-1.0,Failed,-1.0,Failed,0.0,F2F
29434512,lxh_ra_stuck_20260425.fp.neg_10358_20260427_150844.1777275052983.1777275082983,[],"['lxh_ra_stuck_20260425_fp', 'lxh_ra_stuck_20260425_neg', 'lxh_ra_stuck_20260425_AutoTrigger', '#31409451', 'lxh_ra_stuck_20260425_gen4-release-20260417']",[],29434512,39367009,39467651,https://voyager.intra.xiaojukeji.com/static/management/#/scenario/result-analysis?base_job_id=39367009&filterQuery=Base.task.id+has+3936700900000244,https://voyager.intra.xiaojukeji.com/static/management/#/scenario/result-analysis?base_job_id=39467651&filterQuery=Base.task.id+has+3946765100000255,https://voyager.intra.xiaojukeji.com/static/ares-animation/?task_id=3936700900000244&task_version=0,https://voyager.intra.xiaojukeji.com/static/ares-animation/?task_id=3946765100000255&task_version=0,https://voyager.intra.xiaojukeji.com/static/ares-studio/?ds=voy-sim-cloud&ds.sim_index=0&ds.task_id=3936700900000244,https://voyager.intra.xiaojukeji.com/static/ares-studio/?ds=voy-sim-cloud&ds.sim_index=0&ds.task_id=3946765100000255,1633565,1640127,simbot_flexible_diff_base_experiment_dag_1778634332,simbot_flexible_diff_feature_experiment_dag_1779006951,,,Passed,Passed,P2P,,,,,,,0,,,,,,,0,-1.0,Failed,-1.0,Failed,0.0,F2F
29434513,lxh_ra_stuck_20260425.fp.neg_10362_20260427_145355.1777274464994.1777274494994,[],"['lxh_ra_stuck_20260425_fp', 'lxh_ra_stuck_20260425_neg', 'lxh_ra_stuck_20260425_AutoTrigger', '#31408963', 'lxh_ra_stuck_20260425_gen4-release-20260417']",[],29434513,39367009,39467651,https://voyager.intra.xiaojukeji.com/static/management/#/scenario/result-analysis?base_job_id=39367009&filterQuery=Base.task.id+has+3936700900000248,https://voyager.intra.xiaojukeji.com/static/management/#/scenario/result-analysis?base_job_id=39467651&filterQuery=Base.task.id+has+3946765100000254,https://voyager.intra.xiaojukeji.com/static/ares-animation/?task_id=3936700900000248&task_version=0,https://voyager.intra.xiaojukeji.com/static/ares-animation/?task_id=3946765100000254&task_version=0,https://voyager.intra.xiaojukeji.com/static/ares-studio/?ds=voy-sim-cloud&ds.sim_index=0&ds.task_id=3936700900000248,https://voyager.intra.xiaojukeji.com/static/ares-studio/?ds=voy-sim-cloud&ds.sim_index=0&ds.task_id=3946765100000254,1633565,1640127,simbot_flexible_diff_base_experiment_dag_1778634332,simbot_flexible_diff_feature_experiment_dag_1779006951,,,Passed,Passed,P2P,,,,,,,0,,,,,,,0,-1.0,Failed,-1.0,Failed,0.0,F2F
29434515,lxh_ra_stuck_20260425.fp.neg_10358_20260427_132323.1777268042668.1777268072668,[],"['lxh_ra_stuck_20260425_fp', 'lxh_ra_stuck_20260425_neg', 'lxh_ra_stuck_20260425_AutoTrigger', '#31402861', 'lxh_ra_stuck_20260425_gen4-release-20260417']",[],29434515,39367009,39467651,https://voyager.intra.xiaojukeji.com/static/management/#/scenario/result-analysis?base_job_id=39367009&filterQuery=Base.task.id+has+3936700900000247,https://voyager.intra.xiaojukeji.com/static/management/#/scenario/result-analysis?base_job_id=39467651&filterQuery=Base.task.id+has+3946765100000257,https://voyager.intra.xiaojukeji.com/static/ares-animation/?task_id=3936700900000247&task_version=0,https://voyager.intra.xiaojukeji.com/static/ares-animation/?task_id=3946765100000257&task_version=0,https://voyager.intra.xiaojukeji.com/static/ares-studio/?ds=voy-sim-cloud&ds.sim_index=0&ds.task_id=3936700900000247,https://voyager.intra.xiaojukeji.com/static/ares-studio/?ds=voy-sim-cloud&ds.sim_index=0&ds.task_id=3946765100000257,1633565,1640127,simbot_flexible_diff_base_experiment_dag_1778634332,simbot_flexible_diff_feature_experiment_dag_1779006951,,,Passed,Passed,P2P,,,,,,,0,,,,,,,0,-1.0,Failed,-1.0,Failed,0.0,F2F
29434526,lxh_ra_stuck_20260425.fp.neg_10351_20260427_085315.1777251566519.1777251596519,[],"['lxh_ra_stuck_20260425_fp', 'lxh_ra_stuck_20260425_neg', 'lxh_ra_stuck_20260425_AutoTrigger', '#31391855', 'lxh_ra_stuck_20260425_gen4-release-20260417']",[],29434526,39367009,39467651,https://voyager.intra.xiaojukeji.com/static/management/#/scenario/result-analysis?base_job_id=39367009&filterQuery=Base.task.id+has+3936700900000235,https://voyager.intra.xiaojukeji.com/static/management/#/scenario/result-analysis?base_job_id=39467651&filterQuery=Base.task.id+has+3946765100000236,https://voyager.intra.xiaojukeji.com/static/ares-animation/?task_id=3936700900000235&task_version=0,https://voyager.intra.xiaojukeji.com/static/ares-animation/?task_id=3946765100000236&task_version=0,https://voyager.intra.xiaojukeji.com/static/ares-studio/?ds=voy-sim-cloud&ds.sim_index=0&ds.task_id=3936700900000235,https://voyager.intra.xiaojukeji.com/static/ares-studio/?ds=voy-sim-cloud&ds.sim_index=0&ds.task_id=3946765100000236,1633565,1640127,simbot_flexible_diff_base_experiment_dag_1778634332,simbot_flexible_diff_feature_experiment_dag_1779006951,,,Passed,Passed,P2P,,,,,,,0,,,,,,,0,-1.0,Failed,-1.0,Failed,0.0,F2F
29434529,lxh_ra_stuck_20260425.fp.neg_10359_20260427_083447.1777250272800.1777250302800,[],"['lxh_ra_stuck_20260425_fp', 'lxh_ra_stuck_20260425_neg', 'lxh_ra_stuck_20260425_AutoTrigger', '#31390755', 'lxh_ra_stuck_20260425_gen4-release-20260417']",[],29434529,39367009,39467651,https://voyager.intra.xiaojukeji.com/static/management/#/scenario/result-analysis?base_job_id=39367009&filterQuery=Base.task.id+has+3936700900000234,https://voyager.intra.xiaojukeji.com/static/management/#/scenario/result-analysis?base_job_id=39467651&filterQuery=Base.task.id+has+3946765100000235,https://voyager.intra.xiaojukeji.com/static/ares-animation/?task_id=3936700900000234&task_version=0,https://voyager.intra.xiaojukeji.com/static/ares-animation/?task_id=3946765100000235&task_version=0,https://voyager.intra.xiaojukeji.com/static/ares-studio/?ds=voy-sim-cloud&ds.sim_index=0&ds.task_id=3936700900000234,https://voyager.intra.xiaojukeji.com/static/ares-studio/?ds=voy-sim-cloud&ds.sim_index=0&ds.task_id=3946765100000235,1633565,1640127,simbot_flexible_diff_base_experiment_dag_1778634332,simbot_flexible_diff_feature_experiment_dag_1779006951,,,Passed,Passed,P2P,,,,,,,0,,,,,,,0,-1.0,Failed,-1.0,Failed,0.0,F2F
29434530,lxh_ra_stuck_20260425.fp.neg_10346_20260427_082420.1777250203900.1777250233900,[],"['lxh_ra_stuck_20260425_fp', 'lxh_ra_stuck_20260425_neg', 'lxh_ra_stuck_20260425_AutoTrigger', '#31390613', 'lxh_ra_stuck_20260425_gen4-release-20260417']",[],29434530,39367009,39467651,https://voyager.intra.xiaojukeji.com/static/management/#/scenario/result-analysis?base_job_id=39367009&filterQuery=Base.task.id+has+3936700900000239,https://voyager.intra.xiaojukeji.com/static/management/#/scenario/result-analysis?base_job_id=39467651&filterQuery=Base.task.id+has+3946765100000233,https://voyager.intra.xiaojukeji.com/static/ares-animation/?task_id=3936700900000239&task_version=0,https://voyager.intra.xiaojukeji.com/static/ares-animation/?task_id=3946765100000233&task_version=0,https://voyager.intra.xiaojukeji.com/static/ares-studio/?ds=voy-sim-cloud&ds.sim_index=0&ds.task_id=3936700900000239,https://voyager.intra.xiaojukeji.com/static/ares-studio/?ds=voy-sim-cloud&ds.sim_index=0&ds.task_id=3946765100000233,1633565,1640127,simbot_flexible_diff_base_experiment_dag_1778634332,simbot_flexible_diff_feature_experiment_dag_1779006951,,,Passed,Passed,P2P,,,,,,,0,,,,,,,0,-1.0,Failed,-1.0,Failed,0.0,F2F
29434531,lxh_ra_stuck_20260425.fp.neg_10370_20260427_080652.1777249173556.1777249203556,[],"['lxh_ra_stuck_20260425_fp', 'lxh_ra_stuck_20260425_neg', 'lxh_ra_stuck_20260425_AutoTrigger', '#31389619', 'lxh_ra_stuck_20260425_gen4-release-20260417']",[],29434531,39367009,39467651,https://voyager.intra.xiaojukeji.com/static/management/#/scenario/result-analysis?base_job_id=39367009&filterQuery=Base.task.id+has+3936700900000233,https://voyager.intra.xiaojukeji.com/static/management/#/scenario/result-analysis?base_job_id=39467651&filterQuery=Base.task.id+has+3946765100000230,https://voyager.intra.xiaojukeji.com/static/ares-animation/?task_id=3936700900000233&task_version=0,https://voyager.intra.xiaojukeji.com/static/ares-animation/?task_id=3946765100000230&task_version=0,https://voyager.intra.xiaojukeji.com/static/ares-studio/?ds=voy-sim-cloud&ds.sim_index=0&ds.task_id=3936700900000233,https://voyager.intra.xiaojukeji.com/static/ares-studio/?ds=voy-sim-cloud&ds.sim_index=0&ds.task_id=3946765100000230,1633565,1640127,simbot_flexible_diff_base_experiment_dag_1778634332,simbot_flexible_diff_feature_experiment_dag_1779006951,,,Passed,Passed,P2P,,,,,,,0,,,,,,,0,-1.0,Failed,-1.0,Failed,0.0,F2F
29434535,lxh_ra_stuck_20260425.fp.neg_10378_20260427_080549.1777248385844.1777248415844,[],"['lxh_ra_stuck_20260425_fp', 'lxh_ra_stuck_20260425_neg', 'lxh_ra_stuck_20260425_AutoTrigger', '#31388675', 'lxh_ra_stuck_20260425_gen4-release-20260417']",[],29434535,39367009,39467651,https://voyager.intra.xiaojukeji.com/static/management/#/scenario/result-analysis?base_job_id=39367009&filterQuery=Base.task.id+has+3936700900000229,https://voyager.intra.xiaojukeji.com/static/management/#/scenario/result-analysis?base_job_id=39467651&filterQuery=Base.task.id+has+3946765100000231,https://voyager.intra.xiaojukeji.com/static/ares-animation/?task_id=3936700900000229&task_version=0,https://voyager.intra.xiaojukeji.com/static/ares-animation/?task_id=3946765100000231&task_version=0,https://voyager.intra.xiaojukeji.com/static/ares-studio/?ds=voy-sim-cloud&ds.sim_index=0&ds.task_id=3936700900000229,https://voyager.intra.xiaojukeji.com/static/ares-studio/?ds=voy-sim-cloud&ds.sim_index=0&ds.task_id=3946765100000231,1633565,1640127,simbot_flexible_diff_base_experiment_dag_1778634332,simbot_flexible_diff_feature_experiment_dag_1779006951,,,Passed,Passed,P2P,,,,,,,0,,,,,,,0,-1.0,Failed,-1.0,Failed,0.0,F2F
29434547,lxh_ra_stuck_20260425.fp.neg_10317_20260426_202642.1777207159470.1777207189470,[],"['lxh_ra_stuck_20260425_fp', 'lxh_ra_stuck_20260425_neg', 'lxh_ra_stuck_20260425_AutoTrigger', '#31378549', 'lxh_ra_stuck_20260425_gen4-release-20260417']",[],29434547,39367009,39467651,https://voyager.intra.xiaojukeji.com/static/management/#/scenario/result-analysis?base_job_id=39367009&filterQuery=Base.task.id+has+3936700900000220,https://voyager.intra.xiaojukeji.com/static/management/#/scenario/result-analysis?base_job_id=39467651&filterQuery=Base.task.id+has+3946765100000216,https://voyager.intra.xiaojukeji.com/static/ares-animation/?task_id=3936700900000220&task_version=0,https://voyager.intra.xiaojukeji.com/static/ares-animation/?task_id=3946765100000216&task_version=2,https://voyager.intra.xiaojukeji.com/static/ares-studio/?ds=voy-sim-cloud&ds.sim_index=0&ds.task_id=3936700900000220,https://voyager.intra.xiaojukeji.com/static/ares-studio/?ds=voy-sim-cloud&ds.sim_index=0&ds.task_id=3946765100000216,1633565,1640127,simbot_flexible_diff_base_experiment_dag_1778634332,simbot_flexible_diff_feature_experiment_dag_1779006951,,,Passed,Passed,P2P,,,,,,,0,,,,,,,0,-1.0,Failed,2.0,Passed,3.0,F2P
29434549,lxh_ra_stuck_20260425.fp.neg_10367_20260426_185102.1777201625081.1777201655081,[],"['lxh_ra_stuck_20260425_fp', 'lxh_ra_stuck_20260425_neg', 'lxh_ra_stuck_20260425_AutoTrigger', '#31375999', 'lxh_ra_stuck_20260425_gen4-release-20260417']",[],29434549,39367009,39467651,https://voyager.intra.xiaojukeji.com/static/management/#/scenario/result-analysis?base_job_id=39367009&filterQuery=Base.task.id+has+3936700900000216,https://voyager.intra.xiaojukeji.com/static/management/#/scenario/result-analysis?base_job_id=39467651&filterQuery=Base.task.id+has+3946765100000214,https://voyager.intra.xiaojukeji.com/static/ares-animation/?task_id=3936700900000216&task_version=0,https://voyager.intra.xiaojukeji.com/static/ares-animation/?task_id=3946765100000214&task_version=0,https://voyager.intra.xiaojukeji.com/static/ares-studio/?ds=voy-sim-cloud&ds.sim_index=0&ds.task_id=3936700900000216,https://voyager.intra.xiaojukeji.com/static/ares-studio/?ds=voy-sim-cloud&ds.sim_index=0&ds.task_id=3946765100000214,1633565,1640127,simbot_flexible_diff_base_experiment_dag_1778634332,simbot_flexible_diff_feature_experiment_dag_1779006951,,,Passed,Passed,P2P,,,,,,,0,,,,,,,0,-1.0,Failed,-1.0,Failed,0.0,F2F
29434552,lxh_ra_stuck_20260425.fp.neg_10350_20260426_174943.1777197349823.1777197379823,[],"['lxh_ra_stuck_20260425_fp', 'lxh_ra_stuck_20260425_neg', 'lxh_ra_stuck_20260425_AutoTrigger', '#31373939', 'lxh_ra_stuck_20260425_gen4-release-20260417']",[],29434552,39367009,39467651,https://voyager.intra.xiaojukeji.com/static/management/#/scenario/result-analysis?base_job_id=39367009&filterQuery=Base.task.id+has+3936700900000219,https://voyager.intra.xiaojukeji.com/static/management/#/scenario/result-analysis?base_job_id=39467651&filterQuery=Base.task.id+has+3946765100000210,https://voyager.intra.xiaojukeji.com/static/ares-animation/?task_id=3936700900000219&task_version=0,https://voyager.intra.xiaojukeji.com/static/ares-animation/?task_id=3946765100000210&task_version=0,https://voyager.intra.xiaojukeji.com/static/ares-studio/?ds=voy-sim-cloud&ds.sim_index=0&ds.task_id=3936700900000219,https://voyager.intra.xiaojukeji.com/static/ares-studio/?ds=voy-sim-cloud&ds.sim_index=0&ds.task_id=3946765100000210,1633565,1640127,simbot_flexible_diff_base_experiment_dag_1778634332,simbot_flexible_diff_feature_experiment_dag_1779006951,,,Passed,Passed,P2P,,,,,,,0,,,,,,,0,-1.0,Failed,-1.0,Failed,0.0,F2F
29434556,lxh_ra_stuck_20260425.fp.neg_10346_20260426_155528.1777190740407.1777190770407,[],"['lxh_ra_stuck_20260425_fp', 'lxh_ra_stuck_20260425_neg', 'lxh_ra_stuck_20260425_AutoTrigger', '#31369545', 'lxh_ra_stuck_20260425_gen4-release-20260417']",[],29434556,39367009,39467651,https://voyager.intra.xiaojukeji.com/static/management/#/scenario/result-analysis?base_job_id=39367009&filterQuery=Base.task.id+has+3936700900000207,https://voyager.intra.xiaojukeji.com/static/management/#/scenario/result-analysis?base_job_id=39467651&filterQuery=Base.task.id+has+3946765100000203,https://voyager.intra.xiaojukeji.com/static/ares-animation/?task_id=3936700900000207&task_version=0,https://voyager.intra.xiaojukeji.com/static/ares-animation/?task_id=3946765100000203&task_version=0,https://voyager.intra.xiaojukeji.com/static/ares-studio/?ds=voy-sim-cloud&ds.sim_index=0&ds.task_id=3936700900000207,https://voyager.intra.xiaojukeji.com/static/ares-studio/?ds=voy-sim-cloud&ds.sim_index=0&ds.task_id=3946765100000203,1633565,1640127,simbot_flexible_diff_base_experiment_dag_1778634332,simbot_flexible_diff_feature_experiment_dag_1779006951,,,Passed,Passed,P2P,,,,,,,0,,,,,,,0,-1.0,Failed,-1.0,Failed,0.0,F2F
29434559,lxh_ra_stuck_20260425.fp.neg_10380_20260426_142614.1777185579186.1777185609186,[],"['lxh_ra_stuck_20260425_fp', 'lxh_ra_stuck_20260425_neg', 'lxh_ra_stuck_20260425_AutoTrigger', '#31365135', 'lxh_ra_stuck_20260425_gen4-release-20260417']",[],29434559,39367009,39467651,https://voyager.intra.xiaojukeji.com/static/management/#/scenario/result-analysis?base_job_id=39367009&filterQuery=Base.task.id+has+3936700900000206,https://voyager.intra.xiaojukeji.com/static/management/#/scenario/result-analysis?base_job_id=39467651&filterQuery=Base.task.id+has+3946765100000204,https://voyager.intra.xiaojukeji.com/static/ares-animation/?task_id=3936700900000206&task_version=0,https://voyager.intra.xiaojukeji.com/static/ares-animation/?task_id=3946765100000204&task_version=0,https://voyager.intra.xiaojukeji.com/static/ares-studio/?ds=voy-sim-cloud&ds.sim_index=0&ds.task_id=3936700900000206,https://voyager.intra.xiaojukeji.com/static/ares-studio/?ds=voy-sim-cloud&ds.sim_index=0&ds.task_id=3946765100000204,1633565,1640127,simbot_flexible_diff_base_experiment_dag_1778634332,simbot_flexible_diff_feature_experiment_dag_1779006951,,,Passed,Passed,P2P,,,,,,,0,,,,,,,0,-1.0,Failed,-1.0,Failed,0.0,F2F
29434560,lxh_ra_stuck_20260425.fp.neg_10359_20260426_130317.1777179868039.1777179898039,[],"['lxh_ra_stuck_20260425_fp', 'lxh_ra_stuck_20260425_neg', 'lxh_ra_stuck_20260425_AutoTrigger', '#31360643', 'lxh_ra_stuck_20260425_gen4-release-20260417']",[],29434560,39367009,39467651,https://voyager.intra.xiaojukeji.com/static/management/#/scenario/result-analysis?base_job_id=39367009&filterQuery=Base.task.id+has+3936700900000204,https://voyager.intra.xiaojukeji.com/static/management/#/scenario/result-analysis?base_job_id=39467651&filterQuery=Base.task.id+has+3946765100000205,https://voyager.intra.xiaojukeji.com/static/ares-animation/?task_id=3936700900000204&task_version=0,https://voyager.intra.xiaojukeji.com/static/ares-animation/?task_id=3946765100000205&task_version=0,https://voyager.intra.xiaojukeji.com/static/ares-studio/?ds=voy-sim-cloud&ds.sim_index=0&ds.task_id=3936700900000204,https://voyager.intra.xiaojukeji.com/static/ares-studio/?ds=voy-sim-cloud&ds.sim_index=0&ds.task_id=3946765100000205,1633565,1640127,simbot_flexible_diff_base_experiment_dag_1778634332,simbot_flexible_diff_feature_experiment_dag_1779006951,,,Passed,Passed,P2P,,,,,,,0,,,,,,,0,-1.0,Failed,-1.0,Failed,0.0,F2F
29434566,lxh_ra_stuck_20260425.fp.neg_10359_20260426_111532.1777173533980.1777173563980,[],"['lxh_ra_stuck_20260425_fp', 'lxh_ra_stuck_20260425_neg', 'lxh_ra_stuck_20260425_AutoTrigger', '#31357521', 'lxh_ra_stuck_20260425_gen4-release-20260417']",[],29434566,39367009,39467651,https://voyager.intra.xiaojukeji.com/static/management/#/scenario/result-analysis?base_job_id=39367009&filterQuery=Base.task.id+has+3936700900000201,https://voyager.intra.xiaojukeji.com/static/management/#/scenario/result-analysis?base_job_id=39467651&filterQuery=Base.task.id+has+3946765100000195,https://voyager.intra.xiaojukeji.com/static/ares-animation/?task_id=3936700900000201&task_version=0,https://voyager.intra.xiaojukeji.com/static/ares-animation/?task_id=3946765100000195&task_version=0,https://voyager.intra.xiaojukeji.com/static/ares-studio/?ds=voy-sim-cloud&ds.sim_index=0&ds.task_id=3936700900000201,https://voyager.intra.xiaojukeji.com/static/ares-studio/?ds=voy-sim-cloud&ds.sim_index=0&ds.task_id=3946765100000195,1633565,1640127,simbot_flexible_diff_base_experiment_dag_1778634332,simbot_flexible_diff_feature_experiment_dag_1779006951,,,Passed,Passed,P2P,,,,,,,0,,,,,,,0,-1.0,Failed,-1.0,Failed,0.0,F2F
29434567,lxh_ra_stuck_20260425.fp.neg_10366_20260426_094435.1777168570399.1777168600399,[],"['lxh_ra_stuck_20260425_fp', 'lxh_ra_stuck_20260425_neg', 'lxh_ra_stuck_20260425_AutoTrigger', '#31354523', 'lxh_ra_stuck_20260425_gen4-release-20260417']",[],29434567,39367009,39467651,https://voyager.intra.xiaojukeji.com/static/management/#/scenario/result-analysis?base_job_id=39367009&filterQuery=Base.task.id+has+3936700900000198,https://voyager.intra.xiaojukeji.com/static/management/#/scenario/result-analysis?base_job_id=39467651&filterQuery=Base.task.id+has+3946765100000198,https://voyager.intra.xiaojukeji.com/static/ares-animation/?task_id=3936700900000198&task_version=0,https://voyager.intra.xiaojukeji.com/static/ares-animation/?task_id=3946765100000198&task_version=0,https://voyager.intra.xiaojukeji.com/static/ares-studio/?ds=voy-sim-cloud&ds.sim_index=0&ds.task_id=3936700900000198,https://voyager.intra.xiaojukeji.com/static/ares-studio/?ds=voy-sim-cloud&ds.sim_index=0&ds.task_id=3946765100000198,1633565,1640127,simbot_flexible_diff_base_experiment_dag_1778634332,simbot_flexible_diff_feature_experiment_dag_1779006951,,,Passed,Passed,P2P,,,,,,,0,,,,,,,0,-1.0,Failed,-1.0,Failed,0.0,F2F
29434580,lxh_ra_stuck_20260425.fp.neg_10335_20260425_173415.1777112922632.1777112952632,[],"['lxh_ra_stuck_20260425_fp', 'lxh_ra_stuck_20260425_neg', 'lxh_ra_stuck_20260425_AutoTrigger', '#31337285', 'lxh_ra_stuck_20260425_gen4-release-20260417']",[],29434580,39367009,39467651,https://voyager.intra.xiaojukeji.com/static/management/#/scenario/result-analysis?base_job_id=39367009&filterQuery=Base.task.id+has+3936700900000180,https://voyager.intra.xiaojukeji.com/static/management/#/scenario/result-analysis?base_job_id=39467651&filterQuery=Base.task.id+has+3946765100000180,https://voyager.intra.xiaojukeji.com/static/ares-animation/?task_id=3936700900000180&task_version=0,https://voyager.intra.xiaojukeji.com/static/ares-animation/?task_id=3946765100000180&task_version=0,https://voyager.intra.xiaojukeji.com/static/ares-studio/?ds=voy-sim-cloud&ds.sim_index=0&ds.task_id=3936700900000180,https://voyager.intra.xiaojukeji.com/static/ares-studio/?ds=voy-sim-cloud&ds.sim_index=0&ds.task_id=3946765100000180,1633565,1640127,simbot_flexible_diff_base_experiment_dag_1778634332,simbot_flexible_diff_feature_experiment_dag_1779006951,,,Passed,Passed,P2P,,,,,,,0,,,,,,,0,-1.0,Failed,-1.0,Failed,0.0,F2F
29434595,lxh_ra_stuck_20260425.fp.neg_10354_20260425_155208.1777103864840.1777103894840,[],"['lxh_ra_stuck_20260425_fp', 'lxh_ra_stuck_20260425_neg', 'lxh_ra_stuck_20260425_AutoTrigger', '#31331923', 'lxh_ra_stuck_20260425_gen4-release-20260417']",[],29434595,39367009,39467651,https://voyager.intra.xiaojukeji.com/static/management/#/scenario/result-analysis?base_job_id=39367009&filterQuery=Base.task.id+has+3936700900000168,https://voyager.intra.xiaojukeji.com/static/management/#/scenario/result-analysis?base_job_id=39467651&filterQuery=Base.task.id+has+3946765100000170,https://voyager.intra.xiaojukeji.com/static/ares-animation/?task_id=3936700900000168&task_version=0,https://voyager.intra.xiaojukeji.com/static/ares-animation/?task_id=3946765100000170&task_version=0,https://voyager.intra.xiaojukeji.com/static/ares-studio/?ds=voy-sim-cloud&ds.sim_index=0&ds.task_id=3936700900000168,https://voyager.intra.xiaojukeji.com/static/ares-studio/?ds=voy-sim-cloud&ds.sim_index=0&ds.task_id=3946765100000170,1633565,1640127,simbot_flexible_diff_base_experiment_dag_1778634332,simbot_flexible_diff_feature_experiment_dag_1779006951,,,Passed,Passed,P2P,,,,,,,0,,,,,,,0,-1.0,Failed,-1.0,Failed,0.0,F2F
29434598,lxh_ra_stuck_20260425.fp.neg_10314_20260425_145844.1777102115092.1777102145092,[],"['lxh_ra_stuck_20260425_fp', 'lxh_ra_stuck_20260425_neg', 'lxh_ra_stuck_20260425_AutoTrigger', '#31330551', 'lxh_ra_stuck_20260425_gen4-release-20260417']",[],29434598,39367009,39467651,https://voyager.intra.xiaojukeji.com/static/management/#/scenario/result-analysis?base_job_id=39367009&filterQuery=Base.task.id+has+3936700900000167,https://voyager.intra.xiaojukeji.com/static/management/#/scenario/result-analysis?base_job_id=39467651&filterQuery=Base.task.id+has+3946765100000163,https://voyager.intra.xiaojukeji.com/static/ares-animation/?task_id=3936700900000167&task_version=0,https://voyager.intra.xiaojukeji.com/static/ares-animation/?task_id=3946765100000163&task_version=0,https://voyager.intra.xiaojukeji.com/static/ares-studio/?ds=voy-sim-cloud&ds.sim_index=0&ds.task_id=3936700900000167,https://voyager.intra.xiaojukeji.com/static/ares-studio/?ds=voy-sim-cloud&ds.sim_index=0&ds.task_id=3946765100000163,1633565,1640127,simbot_flexible_diff_base_experiment_dag_1778634332,simbot_flexible_diff_feature_experiment_dag_1779006951,,,Passed,Passed,P2P,,,,,,,0,,,,,,,0,-1.0,Failed,-1.0,Failed,0.0,F2F
29434603,lxh_ra_stuck_20260425.fp.neg_10370_20260425_141023.1777097508328.1777097538328,[],"['lxh_ra_stuck_20260425_fp', 'lxh_ra_stuck_20260425_neg', 'lxh_ra_stuck_20260425_AutoTrigger', '#31327239', 'lxh_ra_stuck_20260425_gen4-release-20260417']",[],29434603,39367009,39467651,https://voyager.intra.xiaojukeji.com/static/management/#/scenario/result-analysis?base_job_id=39367009&filterQuery=Base.task.id+has+3936700900000162,https://voyager.intra.xiaojukeji.com/static/management/#/scenario/result-analysis?base_job_id=39467651&filterQuery=Base.task.id+has+3946765100000158,https://voyager.intra.xiaojukeji.com/static/ares-animation/?task_id=3936700900000162&task_version=0,https://voyager.intra.xiaojukeji.com/static/ares-animation/?task_id=3946765100000158&task_version=0,https://voyager.intra.xiaojukeji.com/static/ares-studio/?ds=voy-sim-cloud&ds.sim_index=0&ds.task_id=3936700900000162,https://voyager.intra.xiaojukeji.com/static/ares-studio/?ds=voy-sim-cloud&ds.sim_index=0&ds.task_id=3946765100000158,1633565,1640127,simbot_flexible_diff_base_experiment_dag_1778634332,simbot_flexible_diff_feature_experiment_dag_1779006951,,,Passed,Passed,P2P,,,,,,,0,,,,,,,0,-1.0,Failed,-1.0,Failed,0.0,F2F
29434621,lxh_ra_stuck_20260425.fp.neg_10402_20260424_214519.1777038526916.1777038556916,[],"['lxh_ra_stuck_20260425_fp', 'lxh_ra_stuck_20260425_neg', 'lxh_ra_stuck_20260425_AutoTrigger', '#31305797', 'lxh_ra_stuck_20260425_gen4-release-20260417']",[],29434621,39367009,39467651,https://voyager.intra.xiaojukeji.com/static/management/#/scenario/result-analysis?base_job_id=39367009&filterQuery=Base.task.id+has+3936700900000147,https://voyager.intra.xiaojukeji.com/static/management/#/scenario/result-analysis?base_job_id=39467651&filterQuery=Base.task.id+has+3946765100000134,https://voyager.intra.xiaojukeji.com/static/ares-animation/?task_id=3936700900000147&task_version=0,https://voyager.intra.xiaojukeji.com/static/ares-animation/?task_id=3946765100000134&task_version=0,https://voyager.intra.xiaojukeji.com/static/ares-studio/?ds=voy-sim-cloud&ds.sim_index=0&ds.task_id=3936700900000147,https://voyager.intra.xiaojukeji.com/static/ares-studio/?ds=voy-sim-cloud&ds.sim_index=0&ds.task_id=3946765100000134,1633565,1640127,simbot_flexible_diff_base_experiment_dag_1778634332,simbot_flexible_diff_feature_experiment_dag_1779006951,,,Passed,Passed,P2P,,,,,,,0,,,,,,,0,-1.0,Failed,-1.0,Failed,0.0,F2F
29434628,lxh_ra_stuck_20260425.fp.neg_10377_20260424_185804.1777028757028.1777028787028,[],"['lxh_ra_stuck_20260425_fp', 'lxh_ra_stuck_20260425_neg', 'lxh_ra_stuck_20260425_AutoTrigger', '#31299617', 'lxh_ra_stuck_20260425_gen4-release-20260417']",[],29434628,39367009,39467651,https://voyager.intra.xiaojukeji.com/static/management/#/scenario/result-analysis?base_job_id=39367009&filterQuery=Base.task.id+has+3936700900000138,https://voyager.intra.xiaojukeji.com/static/management/#/scenario/result-analysis?base_job_id=39467651&filterQuery=Base.task.id+has+3946765100000133,https://voyager.intra.xiaojukeji.com/static/ares-animation/?task_id=3936700900000138&task_version=0,https://voyager.intra.xiaojukeji.com/static/ares-animation/?task_id=3946765100000133&task_version=0,https://voyager.intra.xiaojukeji.com/static/ares-studio/?ds=voy-sim-cloud&ds.sim_index=0&ds.task_id=3936700900000138,https://voyager.intra.xiaojukeji.com/static/ares-studio/?ds=voy-sim-cloud&ds.sim_index=0&ds.task_id=3946765100000133,1633565,1640127,simbot_flexible_diff_base_experiment_dag_1778634332,simbot_flexible_diff_feature_experiment_dag_1779006951,,,Passed,Passed,P2P,,,,,,,0,,,,,,,0,-1.0,Failed,-1.0,Failed,0.0,F2F
29434637,lxh_ra_stuck_20260425.fp.neg_10385_20260424_181004.1777025785335.1777025815335,[],"['lxh_ra_stuck_20260425_fp', 'lxh_ra_stuck_20260425_neg', 'lxh_ra_stuck_20260425_AutoTrigger', '#31298079', 'lxh_ra_stuck_20260425_gen4-release-20260417']",[],29434637,39367009,39467651,https://voyager.intra.xiaojukeji.com/static/management/#/scenario/result-analysis?base_job_id=39367009&filterQuery=Base.task.id+has+3936700900000128,https://voyager.intra.xiaojukeji.com/static/management/#/scenario/result-analysis?base_job_id=39467651&filterQuery=Base.task.id+has+3946765100000123,https://voyager.intra.xiaojukeji.com/static/ares-animation/?task_id=3936700900000128&task_version=0,https://voyager.intra.xiaojukeji.com/static/ares-animation/?task_id=3946765100000123&task_version=0,https://voyager.intra.xiaojukeji.com/static/ares-studio/?ds=voy-sim-cloud&ds.sim_index=0&ds.task_id=3936700900000128,https://voyager.intra.xiaojukeji.com/static/ares-studio/?ds=voy-sim-cloud&ds.sim_index=0&ds.task_id=3946765100000123,1633565,1640127,simbot_flexible_diff_base_experiment_dag_1778634332,simbot_flexible_diff_feature_experiment_dag_1779006951,,,Passed,Passed,P2P,,,,,,,0,,,,,,,0,-1.0,Failed,-1.0,Failed,0.0,F2F
29434645,lxh_ra_stuck_20260425.fp.neg_10346_20260424_164917.1777021839535.1777021869535,[],"['lxh_ra_stuck_20260425_fp', 'lxh_ra_stuck_20260425_neg', 'lxh_ra_stuck_20260425_AutoTrigger', '#31295071', 'lxh_ra_stuck_20260425_gen4-release-20260417']",[],29434645,39367009,39467651,https://voyager.intra.xiaojukeji.com/static/management/#/scenario/result-analysis?base_job_id=39367009&filterQuery=Base.task.id+has+3936700900000120,https://voyager.intra.xiaojukeji.com/static/management/#/scenario/result-analysis?base_job_id=39467651&filterQuery=Base.task.id+has+3946765100000119,https://voyager.intra.xiaojukeji.com/static/ares-animation/?task_id=3936700900000120&task_version=0,https://voyager.intra.xiaojukeji.com/static/ares-animation/?task_id=3946765100000119&task_version=0,https://voyager.intra.xiaojukeji.com/static/ares-studio/?ds=voy-sim-cloud&ds.sim_index=0&ds.task_id=3936700900000120,https://voyager.intra.xiaojukeji.com/static/ares-studio/?ds=voy-sim-cloud&ds.sim_index=0&ds.task_id=3946765100000119,1633565,1640127,simbot_flexible_diff_base_experiment_dag_1778634332,simbot_flexible_diff_feature_experiment_dag_1779006951,,,Passed,Passed,P2P,,,,,,,0,,,,,,,0,-1.0,Failed,-1.0,Failed,0.0,F2F
29434652,lxh_ra_stuck_20260425.fp.neg_10346_20260424_145325.1777014066504.1777014096504,[],"['lxh_ra_stuck_20260425_fp', 'lxh_ra_stuck_20260425_neg', 'lxh_ra_stuck_20260425_AutoTrigger', '#31287811', 'lxh_ra_stuck_20260425_gen4-release-20260417']",[],29434652,39367009,39467651,https://voyager.intra.xiaojukeji.com/static/management/#/scenario/result-analysis?base_job_id=39367009&filterQuery=Base.task.id+has+3936700900000112,https://voyager.intra.xiaojukeji.com/static/management/#/scenario/result-analysis?base_job_id=39467651&filterQuery=Base.task.id+has+3946765100000104,https://voyager.intra.xiaojukeji.com/static/ares-animation/?task_id=3936700900000112&task_version=0,https://voyager.intra.xiaojukeji.com/static/ares-animation/?task_id=3946765100000104&task_version=0,https://voyager.intra.xiaojukeji.com/static/ares-studio/?ds=voy-sim-cloud&ds.sim_index=0&ds.task_id=3936700900000112,https://voyager.intra.xiaojukeji.com/static/ares-studio/?ds=voy-sim-cloud&ds.sim_index=0&ds.task_id=3946765100000104,1633565,1640127,simbot_flexible_diff_base_experiment_dag_1778634332,simbot_flexible_diff_feature_experiment_dag_1779006951,,,Passed,Passed,P2P,,,,,,,0,,,,,,,0,-1.0,Failed,-1.0,Failed,0.0,F2F
29434653,lxh_ra_stuck_20260425.fp.neg_10335_20260424_140710.1777011094820.1777011124820,[],"['lxh_ra_stuck_20260425_fp', 'lxh_ra_stuck_20260425_neg', 'lxh_ra_stuck_20260425_AutoTrigger', '#31285431', 'lxh_ra_stuck_20260425_gen4-release-20260417']",[],29434653,39367009,39467651,https://voyager.intra.xiaojukeji.com/static/management/#/scenario/result-analysis?base_job_id=39367009&filterQuery=Base.task.id+has+3936700900000115,https://voyager.intra.xiaojukeji.com/static/management/#/scenario/result-analysis?base_job_id=39467651&filterQuery=Base.task.id+has+3946765100000114,https://voyager.intra.xiaojukeji.com/static/ares-animation/?task_id=3936700900000115&task_version=0,https://voyager.intra.xiaojukeji.com/static/ares-animation/?task_id=3946765100000114&task_version=0,https://voyager.intra.xiaojukeji.com/static/ares-studio/?ds=voy-sim-cloud&ds.sim_index=0&ds.task_id=3936700900000115,https://voyager.intra.xiaojukeji.com/static/ares-studio/?ds=voy-sim-cloud&ds.sim_index=0&ds.task_id=3946765100000114,1633565,1640127,simbot_flexible_diff_base_experiment_dag_1778634332,simbot_flexible_diff_feature_experiment_dag_1779006951,,,Passed,Passed,P2P,,,,,,,0,,,,,,,0,-1.0,Failed,2.0,Passed,3.0,F2P
29434685,lxh_ra_stuck_20260425.fp.neg_10335_20260423_183146.1776940683751.1776940713751,[],"['lxh_ra_stuck_20260425_fp', 'lxh_ra_stuck_20260425_neg', 'lxh_ra_stuck_20260425_AutoTrigger', '#31257997', 'lxh_ra_stuck_20260425_gen4-release-20260417']",[],29434685,39367009,39467651,https://voyager.intra.xiaojukeji.com/static/management/#/scenario/result-analysis?base_job_id=39367009&filterQuery=Base.task.id+has+3936700900000078,https://voyager.intra.xiaojukeji.com/static/management/#/scenario/result-analysis?base_job_id=39467651&filterQuery=Base.task.id+has+3946765100000091,https://voyager.intra.xiaojukeji.com/static/ares-animation/?task_id=3936700900000078&task_version=0,https://voyager.intra.xiaojukeji.com/static/ares-animation/?task_id=3946765100000091&task_version=0,https://voyager.intra.xiaojukeji.com/static/ares-studio/?ds=voy-sim-cloud&ds.sim_index=0&ds.task_id=3936700900000078,https://voyager.intra.xiaojukeji.com/static/ares-studio/?ds=voy-sim-cloud&ds.sim_index=0&ds.task_id=3946765100000091,1633565,1640127,simbot_flexible_diff_base_experiment_dag_1778634332,simbot_flexible_diff_feature_experiment_dag_1779006951,,,Passed,Passed,P2P,,,,,,,0,,,,,,,0,-1.0,Failed,-1.0,Failed,0.0,F2F
29434697,lxh_ra_stuck_20260425.fp.neg_10355_20260423_175938.1776938937424.1776938967424,[],"['lxh_ra_stuck_20260425_fp', 'lxh_ra_stuck_20260425_neg', 'lxh_ra_stuck_20260425_AutoTrigger', '#31256871', 'lxh_ra_stuck_20260425_gen4-release-20260417']",[],29434697,39367009,39467651,https://voyager.intra.xiaojukeji.com/static/management/#/scenario/result-analysis?base_job_id=39367009&filterQuery=Base.task.id+has+3936700900000073,https://voyager.intra.xiaojukeji.com/static/management/#/scenario/result-analysis?base_job_id=39467651&filterQuery=Base.task.id+has+3946765100000077,https://voyager.intra.xiaojukeji.com/static/ares-animation/?task_id=3936700900000073&task_version=0,https://voyager.intra.xiaojukeji.com/static/ares-animation/?task_id=3946765100000077&task_version=0,https://voyager.intra.xiaojukeji.com/static/ares-studio/?ds=voy-sim-cloud&ds.sim_index=0&ds.task_id=3936700900000073,https://voyager.intra.xiaojukeji.com/static/ares-studio/?ds=voy-sim-cloud&ds.sim_index=0&ds.task_id=3946765100000077,1633565,1640127,simbot_flexible_diff_base_experiment_dag_1778634332,simbot_flexible_diff_feature_experiment_dag_1779006951,,,Passed,Passed,P2P,,,,,,,0,,,,,,,0,-1.0,Failed,-1.0,Failed,0.0,F2F
29434713,lxh_ra_stuck_20260425.fp.neg_10381_20260423_113511.1776915311595.1776915333700,[],"['lxh_ra_stuck_20260425_fp', 'lxh_ra_stuck_20260425_neg', 'lxh_ra_stuck_20260425_AutoTrigger', '#31237141', 'lxh_ra_stuck_20260425_gen4-release-20260417']",[],29434713,39367009,39467651,https://voyager.intra.xiaojukeji.com/static/management/#/scenario/result-analysis?base_job_id=39367009&filterQuery=Base.task.id+has+3936700900000047,https://voyager.intra.xiaojukeji.com/static/management/#/scenario/result-analysis?base_job_id=39467651&filterQuery=Base.task.id+has+3946765100000053,https://voyager.intra.xiaojukeji.com/static/ares-animation/?task_id=3936700900000047&task_version=0,https://voyager.intra.xiaojukeji.com/static/ares-animation/?task_id=3946765100000053&task_version=1,https://voyager.intra.xiaojukeji.com/static/ares-studio/?ds=voy-sim-cloud&ds.sim_index=0&ds.task_id=3936700900000047,https://voyager.intra.xiaojukeji.com/static/ares-studio/?ds=voy-sim-cloud&ds.sim_index=0&ds.task_id=3946765100000053,1633565,1640127,simbot_flexible_diff_base_experiment_dag_1778634332,simbot_flexible_diff_feature_experiment_dag_1779006951,,,Passed,Passed,P2P,,,,,,,0,,,,,,,0,-1.0,Failed,2.0,Passed,3.0,F2P
29730417,lxh_ra_stuck_20260425.fp.neg_10359_20260429_185339.1777460191682.1777460221682,[],"['lxh_ra_stuck_20260425_fp', 'lxh_ra_stuck_20260425_neg', 'lxh_ra_stuck_20260425_AutoTrigger', '#31510951', 'lxh_ra_stuck_20260425_gen4-release-20260417']",[],29730417,39367009,39467651,https://voyager.intra.xiaojukeji.com/static/management/#/scenario/result-analysis?base_job_id=39367009&filterQuery=Base.task.id+has+3936700900000053,https://voyager.intra.xiaojukeji.com/static/management/#/scenario/result-analysis?base_job_id=39467651&filterQuery=Base.task.id+has+3946765100000044,https://voyager.intra.xiaojukeji.com/static/ares-animation/?task_id=3936700900000053&task_version=0,https://voyager.intra.xiaojukeji.com/static/ares-animation/?task_id=3946765100000044&task_version=0,https://voyager.intra.xiaojukeji.com/static/ares-studio/?ds=voy-sim-cloud&ds.sim_index=0&ds.task_id=3936700900000053,https://voyager.intra.xiaojukeji.com/static/ares-studio/?ds=voy-sim-cloud&ds.sim_index=0&ds.task_id=3946765100000044,1633565,1640127,simbot_flexible_diff_base_experiment_dag_1778634332,simbot_flexible_diff_feature_experiment_dag_1779006951,,,Passed,Passed,P2P,,,,,,,0,,,,,,,0,-1.0,Failed,-1.0,Failed,0.0,F2F
29730440,lxh_ra_stuck_20260425.fp.neg_10349_20260429_095650.1777427917521.1777427947521,[],"['lxh_ra_stuck_20260425_fp', 'lxh_ra_stuck_20260425_neg', 'lxh_ra_stuck_20260425_AutoTrigger', '#31485217', 'lxh_ra_stuck_20260425_gen4-release-20260417']",[],29730440,39367009,39467651,https://voyager.intra.xiaojukeji.com/static/management/#/scenario/result-analysis?base_job_id=39367009&filterQuery=Base.task.id+has+3936700900000029,https://voyager.intra.xiaojukeji.com/static/management/#/scenario/result-analysis?base_job_id=39467651&filterQuery=Base.task.id+has+3946765100000031,https://voyager.intra.xiaojukeji.com/static/ares-animation/?task_id=3936700900000029&task_version=0,https://voyager.intra.xiaojukeji.com/static/ares-animation/?task_id=3946765100000031&task_version=1,https://voyager.intra.xiaojukeji.com/static/ares-studio/?ds=voy-sim-cloud&ds.sim_index=0&ds.task_id=3936700900000029,https://voyager.intra.xiaojukeji.com/static/ares-studio/?ds=voy-sim-cloud&ds.sim_index=0&ds.task_id=3946765100000031,1633565,1640127,simbot_flexible_diff_base_experiment_dag_1778634332,simbot_flexible_diff_feature_experiment_dag_1779006951,,,Passed,Passed,P2P,,,,,,,0,,,,,,,0,-1.0,Failed,2.0,Passed,3.0,F2P
29730442,lxh_ra_stuck_20260425.fp.neg_10335_20260429_090724.1777426753766.1777426783766,[],"['lxh_ra_stuck_20260425_fp', 'lxh_ra_stuck_20260425_neg', 'lxh_ra_stuck_20260425_AutoTrigger', '#31484335', 'lxh_ra_stuck_20260425_gen4-release-20260417']",[],29730442,39367009,39467651,https://voyager.intra.xiaojukeji.com/static/management/#/scenario/result-analysis?base_job_id=39367009&filterQuery=Base.task.id+has+3936700900000026,https://voyager.intra.xiaojukeji.com/static/management/#/scenario/result-analysis?base_job_id=39467651&filterQuery=Base.task.id+has+3946765100000012,https://voyager.intra.xiaojukeji.com/static/ares-animation/?task_id=3936700900000026&task_version=0,https://voyager.intra.xiaojukeji.com/static/ares-animation/?task_id=3946765100000012&task_version=0,https://voyager.intra.xiaojukeji.com/static/ares-studio/?ds=voy-sim-cloud&ds.sim_index=0&ds.task_id=3936700900000026,https://voyager.intra.xiaojukeji.com/static/ares-studio/?ds=voy-sim-cloud&ds.sim_index=0&ds.task_id=3946765100000012,1633565,1640127,simbot_flexible_diff_base_experiment_dag_1778634332,simbot_flexible_diff_feature_experiment_dag_1779006951,,,Passed,Passed,P2P,,,,,,,0,,,,,,,0,-1.0,Failed,-1.0,Failed,0.0,F2F
29730450,lxh_ra_stuck_20260425.fp.neg_10316_20260429_082257.1777422884962.1777422914962,[],"['lxh_ra_stuck_20260425_fp', 'lxh_ra_stuck_20260425_neg', 'lxh_ra_stuck_20260425_AutoTrigger', '#31480733', 'lxh_ra_stuck_20260425_gen4-release-20260417']",[],29730450,39367009,39467651,https://voyager.intra.xiaojukeji.com/static/management/#/scenario/result-analysis?base_job_id=39367009&filterQuery=Base.task.id+has+3936700900000030,https://voyager.intra.xiaojukeji.com/static/management/#/scenario/result-analysis?base_job_id=39467651&filterQuery=Base.task.id+has+3946765100000028,https://voyager.intra.xiaojukeji.com/static/ares-animation/?task_id=3936700900000030&task_version=0,https://voyager.intra.xiaojukeji.com/static/ares-animation/?task_id=3946765100000028&task_version=0,https://voyager.intra.xiaojukeji.com/static/ares-studio/?ds=voy-sim-cloud&ds.sim_index=0&ds.task_id=3936700900000030,https://voyager.intra.xiaojukeji.com/static/ares-studio/?ds=voy-sim-cloud&ds.sim_index=0&ds.task_id=3946765100000028,1633565,1640127,simbot_flexible_diff_base_experiment_dag_1778634332,simbot_flexible_diff_feature_experiment_dag_1779006951,,,Passed,Passed,P2P,,,,,,,0,,,,,,,0,-1.0,Failed,-1.0,Failed,0.0,F2F
29730451,lxh_ra_stuck_20260425.fp.neg_10353_20260429_074303.1777422681611.1777422711611,[],"['lxh_ra_stuck_20260425_fp', 'lxh_ra_stuck_20260425_neg', 'lxh_ra_stuck_20260425_AutoTrigger', '#31480593', 'lxh_ra_stuck_20260425_gen4-release-20260417']",[],29730451,39367009,39467651,https://voyager.intra.xiaojukeji.com/static/management/#/scenario/result-analysis?base_job_id=39367009&filterQuery=Base.task.id+has+3936700900000023,https://voyager.intra.xiaojukeji.com/static/management/#/scenario/result-analysis?base_job_id=39467651&filterQuery=Base.task.id+has+3946765100000015,https://voyager.intra.xiaojukeji.com/static/ares-animation/?task_id=3936700900000023&task_version=0,https://voyager.intra.xiaojukeji.com/static/ares-animation/?task_id=3946765100000015&task_version=0,https://voyager.intra.xiaojukeji.com/static/ares-studio/?ds=voy-sim-cloud&ds.sim_index=0&ds.task_id=3936700900000023,https://voyager.intra.xiaojukeji.com/static/ares-studio/?ds=voy-sim-cloud&ds.sim_index=0&ds.task_id=3946765100000015,1633565,1640127,simbot_flexible_diff_base_experiment_dag_1778634332,simbot_flexible_diff_feature_experiment_dag_1779006951,,,Passed,Passed,P2P,,,,,,,0,,,,,,,0,-1.0,Failed,-1.0,Failed,0.0,F2F
29730456,lxh_ra_stuck_20260425.fp.neg_10369_20260429_081059.1777421601431.1777421631431,[],"['lxh_ra_stuck_20260425_fp', 'lxh_ra_stuck_20260425_neg', 'lxh_ra_stuck_20260425_AutoTrigger', '#31479575', 'lxh_ra_stuck_20260425_gen4-release-20260417']",[],29730456,39367009,39467651,https://voyager.intra.xiaojukeji.com/static/management/#/scenario/result-analysis?base_job_id=39367009&filterQuery=Base.task.id+has+3936700900000013,https://voyager.intra.xiaojukeji.com/static/management/#/scenario/result-analysis?base_job_id=39467651&filterQuery=Base.task.id+has+3946765100000024,https://voyager.intra.xiaojukeji.com/static/ares-animation/?task_id=3936700900000013&task_version=0,https://voyager.intra.xiaojukeji.com/static/ares-animation/?task_id=3946765100000024&task_version=0,https://voyager.intra.xiaojukeji.com/static/ares-studio/?ds=voy-sim-cloud&ds.sim_index=0&ds.task_id=3936700900000013,https://voyager.intra.xiaojukeji.com/static/ares-studio/?ds=voy-sim-cloud&ds.sim_index=0&ds.task_id=3946765100000024,1633565,1640127,simbot_flexible_diff_base_experiment_dag_1778634332,simbot_flexible_diff_feature_experiment_dag_1779006951,,,Passed,Passed,P2P,,,,,,,0,,,,,,,0,-1.0,Failed,-1.0,Failed,0.0,F2F
29730459,lxh_ra_stuck_20260425.fp.neg_10354_20260429_075721.1777420682028.1777420712028,[],"['lxh_ra_stuck_20260425_fp', 'lxh_ra_stuck_20260425_neg', 'lxh_ra_stuck_20260425_AutoTrigger', '#31478611', 'lxh_ra_stuck_20260425_gen4-release-20260417']",[],29730459,39367009,39467651,https://voyager.intra.xiaojukeji.com/static/management/#/scenario/result-analysis?base_job_id=39367009&filterQuery=Base.task.id+has+3936700900000010,https://voyager.intra.xiaojukeji.com/static/management/#/scenario/result-analysis?base_job_id=39467651&filterQuery=Base.task.id+has+3946765100000001,https://voyager.intra.xiaojukeji.com/static/ares-animation/?task_id=3936700900000010&task_version=0,https://voyager.intra.xiaojukeji.com/static/ares-animation/?task_id=3946765100000001&task_version=0,https://voyager.intra.xiaojukeji.com/static/ares-studio/?ds=voy-sim-cloud&ds.sim_index=0&ds.task_id=3936700900000010,https://voyager.intra.xiaojukeji.com/static/ares-studio/?ds=voy-sim-cloud&ds.sim_index=0&ds.task_id=3946765100000001,1633565,1640127,simbot_flexible_diff_base_experiment_dag_1778634332,simbot_flexible_diff_feature_experiment_dag_1779006951,,,Passed,Passed,P2P,,,,,,,0,,,,,,,0,-1.0,Failed,-1.0,Failed,0.0,F2F
29730463,lxh_ra_stuck_20260425.fp.neg_10373_20260429_073718.1777420219701.1777420249701,[],"['lxh_ra_stuck_20260425_fp', 'lxh_ra_stuck_20260425_neg', 'lxh_ra_stuck_20260425_AutoTrigger', '#31478225', 'lxh_ra_stuck_20260425_gen4-release-20260417']",[],29730463,39367009,39467651,https://voyager.intra.xiaojukeji.com/static/management/#/scenario/result-analysis?base_job_id=39367009&filterQuery=Base.task.id+has+3936700900000007,https://voyager.intra.xiaojukeji.com/static/management/#/scenario/result-analysis?base_job_id=39467651&filterQuery=Base.task.id+has+3946765100000005,https://voyager.intra.xiaojukeji.com/static/ares-animation/?task_id=3936700900000007&task_version=0,https://voyager.intra.xiaojukeji.com/static/ares-animation/?task_id=3946765100000005&task_version=0,https://voyager.intra.xiaojukeji.com/static/ares-studio/?ds=voy-sim-cloud&ds.sim_index=0&ds.task_id=3936700900000007,https://voyager.intra.xiaojukeji.com/static/ares-studio/?ds=voy-sim-cloud&ds.sim_index=0&ds.task_id=3946765100000005,1633565,1640127,simbot_flexible_diff_base_experiment_dag_1778634332,simbot_flexible_diff_feature_experiment_dag_1779006951,,,Passed,Passed,P2P,,,,,,,0,,,,,,,0,-1.0,Failed,-1.0,Failed,0.0,F2F
